run,result_approve_post_base_llm,result_approve_post_llm_base,result_transferFrom_post_base_llm,result_transferFrom_post_llm_base,result_transfer_post_base_llm,result_transfer_post_llm_base,spec_approve_post_base_llm,spec_approve_post_llm_base,spec_transferFrom_post_base_llm,spec_transferFrom_post_llm_base,spec_transfer_post_base_llm,spec_transfer_post_llm_base,refines all
1,ERROR,ERROR,ERROR,ERROR,ERROR,ERROR,@notice  postcondition (_allowed[msg.sender ][ _spender] ==  _value  &&  success) || ( _allowed[msg.sender ][ _spender] ==  __verifier_old_uint ( _allowed[msg.sender ][ _spender] ) && !success ),"/// @notice postcondition _allowed[msg.sender][spender] == value
","@notice  postcondition ( ( _balances[_from] ==  __verifier_old_uint (_balances[_from] ) - _value  &&  _from  != _to ) || ( _balances[_from] ==  __verifier_old_uint ( _balances[_from] ) &&  _from == _to ) && success ) || !success 
 @notice  postcondition ( ( _balances[_to] ==  __verifier_old_uint ( _balances[_to] ) + _value  &&  _from  != _to ) || ( _balances[_to] ==  __verifier_old_uint ( _balances[_to] ) &&  _from  == _to ) && success ) || !success 
 @notice  postcondition ( _allowed[_from ][msg.sender] ==  __verifier_old_uint (_allowed[_from ][msg.sender] ) - _value && success) || ( _allowed[_from ][msg.sender] ==  __verifier_old_uint (_allowed[_from ][msg.sender]) && !success) ||  _from  == msg.sender
 @notice  postcondition  _allowed[_from ][msg.sender]  <= __verifier_old_uint (_allowed[_from ][msg.sender] ) ||  _from  == msg.sender","/// @notice postcondition _balances[from] >= 0
","@notice  postcondition ( ( _balances[msg.sender] ==  __verifier_old_uint (_balances[msg.sender] ) - _value  && msg.sender  != _to ) ||   ( _balances[msg.sender] ==  __verifier_old_uint ( _balances[msg.sender]) && msg.sender  == _to ) &&  success )   || !success
 @notice  postcondition ( ( _balances[_to] ==  __verifier_old_uint ( _balances[_to] ) + _value  && msg.sender  != _to ) ||   ( _balances[_to] ==  __verifier_old_uint ( _balances[_to] ) && msg.sender  == _to )  )   || !success","/// @notice postcondition _balances[msg.sender] >= 0

/// @notice postcondition _balances[from] >= 0
",No
3,ERROR,ERROR,ERROR,ERROR,ERROR,ERROR,@notice  postcondition (_allowed[msg.sender ][ _spender] ==  _value  &&  success) || ( _allowed[msg.sender ][ _spender] ==  __verifier_old_uint ( _allowed[msg.sender ][ _spender] ) && !success ),"/// @notice postcondition _allowed[msg.sender][spender] == value
","@notice  postcondition ( ( _balances[_from] ==  __verifier_old_uint (_balances[_from] ) - _value  &&  _from  != _to ) || ( _balances[_from] ==  __verifier_old_uint ( _balances[_from] ) &&  _from == _to ) && success ) || !success 
 @notice  postcondition ( ( _balances[_to] ==  __verifier_old_uint ( _balances[_to] ) + _value  &&  _from  != _to ) || ( _balances[_to] ==  __verifier_old_uint ( _balances[_to] ) &&  _from  == _to ) && success ) || !success 
 @notice  postcondition ( _allowed[_from ][msg.sender] ==  __verifier_old_uint (_allowed[_from ][msg.sender] ) - _value && success) || ( _allowed[_from ][msg.sender] ==  __verifier_old_uint (_allowed[_from ][msg.sender]) && !success) ||  _from  == msg.sender
 @notice  postcondition  _allowed[_from ][msg.sender]  <= __verifier_old_uint (_allowed[_from ][msg.sender] ) ||  _from  == msg.sender","/// @notice postcondition _balances[from] >= 0
","@notice  postcondition ( ( _balances[msg.sender] ==  __verifier_old_uint (_balances[msg.sender] ) - _value  && msg.sender  != _to ) ||   ( _balances[msg.sender] ==  __verifier_old_uint ( _balances[msg.sender]) && msg.sender  == _to ) &&  success )   || !success
 @notice  postcondition ( ( _balances[_to] ==  __verifier_old_uint ( _balances[_to] ) + _value  && msg.sender  != _to ) ||   ( _balances[_to] ==  __verifier_old_uint ( _balances[_to] ) && msg.sender  == _to )  )   || !success","/// @notice postcondition _balances[msg.sender] >= 0

/// @notice postcondition _balances[from] >= 0
",No
