run,result_approve_post_base_llm,result_approve_post_llm_base,result_transfer_post_base_llm,result_transfer_post_llm_base,spec_approve_post_base_llm,spec_approve_post_llm_base,spec_transfer_post_base_llm,spec_transfer_post_llm_base,refines all
4,ERROR,OK,ERROR,OK,@notice  postcondition (_allowed[msg.sender ][ _spender] ==  _value  &&  success) || ( _allowed[msg.sender ][ _spender] ==  __verifier_old_uint ( _allowed[msg.sender ][ _spender] ) && !success ),"/// @notice postcondition _allowed[msg.sender][_spender] == __verifier_old_uint(_allowed[msg.sender][_spender]) || _allowed[msg.sender][_spender] == _value
","@notice  postcondition ( ( _balances[msg.sender] ==  __verifier_old_uint (_balances[msg.sender] ) - _value  && msg.sender  != _to ) ||   ( _balances[msg.sender] ==  __verifier_old_uint ( _balances[msg.sender]) && msg.sender  == _to ) &&  success )   || !success
 @notice  postcondition ( ( _balances[_to] ==  __verifier_old_uint ( _balances[_to] ) + _value  && msg.sender  != _to ) ||   ( _balances[_to] ==  __verifier_old_uint ( _balances[_to] ) && msg.sender  == _to )  )   || !success","/// @notice postcondition _balances[msg.sender] >= 0

/// @notice postcondition _allowed[_from ][msg.sender]  <= __verifier_old_uint (_allowed[_from ][msg.sender] ) ||  _from  == msg.sender
",No
9,,,ERROR,OK,,,"@notice  postcondition ( ( _balances[msg.sender] ==  __verifier_old_uint (_balances[msg.sender] ) - _value  && msg.sender  != _to ) ||   ( _balances[msg.sender] ==  __verifier_old_uint ( _balances[msg.sender]) && msg.sender  == _to ) &&  success )   || !success
 @notice  postcondition ( ( _balances[_to] ==  __verifier_old_uint ( _balances[_to] ) + _value  && msg.sender  != _to ) ||   ( _balances[_to] ==  __verifier_old_uint ( _balances[_to] ) && msg.sender  == _to )  )   || !success","/// @notice postcondition _to != address(0)

/// @notice postcondition  _allowed[_from ][msg.sender]  <= __verifier_old_uint (_allowed[_from ][msg.sender] ) ||  _from  == msg.sender
",No
